<?xml version="1.0" encoding="utf-8"?>
<ApplicationInstallerManifest>
   <DefaultInstallationDirectory>/Applications/RGTFun/</DefaultInstallationDirectory>
   <ApplicationName>RGTFun</ApplicationName>
   <ExecutableName>application/RGTFun.exe</ExecutableName>
   <GUID>542d4dea-d3bc-4af5-a469-4fa63f70e0f7</GUID>
   <ApplicationIcon>default_icon_48.png</ApplicationIcon>
   <Logo>default_logo.png</Logo>
   <Version>1.0</Version>
   <InstallationNotes>This application bundles portions of the Chebfun package 
(Copyright © 2017 University of Oxford and the Chebfun Developers) 
under the BSD 3-Clause License.  
See /Applications/RGTFun/chebfun/LICENSE.txt for the full license text.</InstallationNotes>
   <AuthorOrganization>UIUC CPMI</AuthorOrganization>
   <Summary>RGTFun is a MATLAB app designed for the efficient calculation of scattering integrals and transport coefficients of elastic collisions.</Summary>
   <WelcomePanelText>RGTFun 1.0
RGTFun is a MATLAB app designed for the efficient calculation of scattering integrals and transport coefficients of elastic collisions.

RGTFun features a well designed graphical user interface (GUI) to facilitate the step by step process of going from an intermolecular potential to macroscopic transport coefficients such as the viscosity and diffusion coefficient. The ethos of the project is to decrease the learning curve of going from quantum chemistry calculations of intermolecular potential energy surfaces to usable transport coefficients in CFD or PIC codes.

J. Granat, N. Bartlett, D. N. Ruzic
jgranat@mit.edu</WelcomePanelText>
   <MCRProducts>
      <MCRProduct>
         <ExternalProductIdentifier>35000</ExternalProductIdentifier>
      </MCRProduct>
      <MCRProduct>
         <ExternalProductIdentifier>35002</ExternalProductIdentifier>
      </MCRProduct>
      <MCRProduct>
         <ExternalProductIdentifier>35003</ExternalProductIdentifier>
      </MCRProduct>
      <MCRProduct>
         <ExternalProductIdentifier>35010</ExternalProductIdentifier>
      </MCRProduct>
      <MCRProduct>
         <ExternalProductIdentifier>35106</ExternalProductIdentifier>
      </MCRProduct>
      <MCRProduct>
         <ExternalProductIdentifier>35160</ExternalProductIdentifier>
      </MCRProduct>
      <MCRProduct>
         <ExternalProductIdentifier>35180</ExternalProductIdentifier>
      </MCRProduct>
   </MCRProducts>
</ApplicationInstallerManifest>